,A,B,C,D
2000-01-01,1.16970813536,-0.23276696942,1.19316678732,0.0729554479058
2000-01-02,-0.0207592568897,-0.520970224257,0.950964701934,2.31490685277
2000-01-03,0.607482016817,-0.845828272327,0.911145082796,0.991654967755
2000-01-04,-0.614134893723,0.925511343975,0.305372079997,0.716691563048
2000-01-05,-0.639308189873,-0.645038564164,1.2020997487,0.705530179479
2000-01-06,-1.09665345591,-1.64438523447,2.32968649476,-1.3271123397
2000-01-07,0.494460925499,-1.66762298628,3.82323012443,-2.48662385935
2000-01-08,-1.0907629374,-4.63376505888,3.91156586087,-2.64969669926
2000-01-09,-1.9028943994,-4.9700325085,4.20687211424,-2.69281531674
2000-01-10,-3.002028015,-5.9386603894,5.51071919104,-2.43066323283
2000-01-11,-4.3158703814,-6.39212310384,5.46026373643,-3.02755909842
2000-01-12,-4.36452278979,-7.47796434022,4.71848618516,-2.62035171172
2000-01-13,-3.8833509563,-6.82831784179,6.2955998809,-2.3684880596
2000-01-14,-4.95456240719,-7.45160208993,6.48148202871,-1.74218227283
2000-01-15,-3.51221219551,-6.04331970275,5.74268388052,-0.833474621772
2000-01-16,-6.02723193563,-5.30399613844,5.12885424786,-2.0178381153
2000-01-17,-6.6081167741,-5.23249494895,7.86291074427,-0.93660309575
2000-01-18,-6.52743005126,-5.30985296113,6.98605905321,-1.66987052507
2000-01-19,-4.42878767696,-4.81850051778,6.92570690489,-0.649120312397
2000-01-20,-5.68902200146,-6.18365115617,5.61137762128,-0.544307707755
2000-01-21,-4.29921534327,-5.32673700735,5.06957387276,1.20085582001
2000-01-22,-4.83476303375,-3.75845057831,3.23520899951,2.32180739385
2000-01-23,-3.97735838592,-4.73065505758,4.17551225766,2.64848983463
2000-01-24,-4.4491980092,-6.01171337951,4.45455200182,2.11815347691
2000-01-25,-3.87478234867,-5.63352611835,5.30098250333,2.98227201852
2000-01-26,-4.07013498676,-7.96612615656,4.38064967826,1.7538618314
2000-01-27,-2.34354164412,-8.10377144558,5.31024130996,0.00106121935135
2000-01-28,-3.32837311445,-7.98420123269,4.06019213927,-1.32366218144
2000-01-29,-3.46774411276,-7.70392620169,5.15113798578,-1.81649729738
2000-01-30,-6.04129924068,-7.48523172921,5.90959563575,-0.154008947906
2000-01-31,-5.87227758082,-8.50553563453,6.09155159402,-1.91944127959
2000-02-01,-7.38544792948,-9.45602765278,5.55365018539,-2.81862134055
2000-02-02,-7.46677094888,-9.46890443367,6.67437348238,-2.95011934268
2000-02-03,-5.96715764622,-10.088080902,5.86271657184,-1.41502187287
2000-02-04,-4.38833992761,-9.55181253503,7.04801949686,-1.17362641471
2000-02-05,-3.83977912041,-10.1116640517,7.65246267708,0.404715268547
2000-02-06,-4.25463405739,-10.6383170425,6.7580062733,0.701865852881
2000-02-07,-5.29365001813,-10.0266211684,6.30482667526,1.79129921167
2000-02-08,-5.63123301851,-7.58798791119,5.284797513,3.05056833317
2000-02-09,-5.65472940246,-6.87716069907,4.80136293641,2.66714699461
2000-02-10,-4.54434061746,-7.34179585678,3.6788379232,2.43644319843
2000-02-11,-2.77084652359,-8.81309192854,2.15279563932,3.6172265631
2000-02-12,-2.71894605188,-8.50646485679,2.20844877837,3.65459701977
2000-02-13,-2.35758132371,-9.25504166391,2.88742556144,3.41877937459
2000-02-14,-1.86793614579,-8.73164506998,1.89750066919,3.86481084772
2000-02-15,-2.1218965774,-6.93208497555,0.600522307767,4.9920688858
2000-02-16,-2.43360836086,-7.59419170805,-0.313512846973,7.47716412037
2000-02-17,-1.90399540075,-6.68034198614,-0.590475540586,9.70309101854
2000-02-18,0.073843407629,-5.56269753968,-0.163716178803,9.25647900866
2000-02-19,0.335305795757,-5.44511510949,0.0212245640563,8.56600935862
2000-02-20,-0.521255766999,-4.91093689027,0.200718552548,7.21267063954
2000-02-21,-0.0429311098448,-5.46085196122,0.49354479115,7.72780705832
2000-02-22,0.52990647765,-4.8414278163,1.48703160187,9.19471723225
2000-02-23,0.396437057868,-5.76002449878,3.46795687079,9.95480554411
2000-02-24,1.94043843664,-5.09250404988,3.01112079931,9.82451906619
2000-02-25,2.14576045281,-6.64810707191,2.30997175757,9.16908756521
2000-02-26,1.82086379582,-8.05697014541,2.28545261323,8.09833606753
2000-02-27,1.20932635246,-7.26339039723,2.68161978564,9.10534314299
2000-02-28,0.945611929092,-6.12590828781,3.55401800967,9.15030644774
2000-02-29,-0.345836465194,-7.9484514735,4.66279381884,8.47508667573
2000-03-01,0.681266377117,-7.15290478415,3.58031262099,8.30051131766
2000-03-02,-0.450387359653,-8.90855754384,4.33696260436,7.7172163344
2000-03-03,0.117048136222,-10.7428643443,4.30080791732,8.48299606884
2000-03-04,0.40085179621,-9.8197916008,3.98357523971,9.4717020223
2000-03-05,0.83311706055,-11.7351448264,3.22330122916,10.6531505622
2000-03-06,2.00397228496,-10.117995036,4.98157450417,9.67218446139
2000-03-07,2.47872603539,-12.2409242482,3.76061012004,8.8403536759
2000-03-08,0.871050604125,-13.5239150832,2.70027014764,9.78016740146
2000-03-09,2.45718702269,-11.6250720884,1.23101640073,11.0806283403
2000-03-10,1.68805111081,-11.2443702387,1.68883941913,11.0279004648
2000-03-11,2.4407301852,-11.0599095967,2.24360001967,10.6708313664
2000-03-12,0.511369324998,-9.82583205058,1.57259168822,10.4036115296
2000-03-13,1.56969875732,-9.42367662483,0.687799892081,11.5969750654
2000-03-14,1.28419783491,-8.56576659208,1.54144354754,11.5155288588
2000-03-15,2.03741178175,-8.89408086367,0.354365067547,12.1702704404
2000-03-16,1.84316974995,-8.53153425348,0.167366761495,12.6389084667
2000-03-17,1.35026527785,-6.51178772149,1.05214895094,11.6821548046
2000-03-18,0.896078613527,-6.51290094672,2.1026365371,12.0025230868
2000-03-19,0.546267138975,-7.27943164799,0.887798321987,11.7655246293
2000-03-20,0.948078733672,-7.97176226503,0.765326373249,12.6024934299
2000-03-21,0.038429342669,-8.19780567744,3.08941012102,14.9599577759
2000-03-22,0.82749005995,-8.47200896975,3.45886203183,15.3562895397
2000-03-23,0.495075255371,-9.95729343617,5.82165391231,12.8233559337
2000-03-24,1.58656124289,-8.19489677063,6.56338611742,14.2088680494
2000-03-25,1.48262872943,-6.28510378835,6.9834215102,12.9780148748
2000-03-26,1.55185118182,-5.88304330577,7.39637919452,13.2012685682
2000-03-27,0.102739439354,-5.7582016273,7.65433837613,13.1033855658
2000-03-28,-0.00541480737609,-5.60922905156,9.95847128722,13.849223324
2000-03-29,0.813372405549,-6.7359673169,10.8554082949,14.074485517
2000-03-30,-1.43768806182,-5.36735306632,10.2372520183,12.1830309625
2000-03-31,-1.02313906584,-4.3403526895,11.3822614016,12.5390934717
2000-04-01,-1.21910657018,-3.11313360249,11.4535351182,13.5730759466
2000-04-02,-0.550475362352,-4.1601155217,11.1675053012,13.227700804
2000-04-03,-1.38326431655,-4.52852463336,10.850671676,14.2170384682
2000-04-04,-1.14331848635,-3.46272456188,9.77498943197,13.836963081
2000-04-05,-1.22586577143,-5.42377480293,8.85707490996,13.7485806232
2000-04-06,-1.17582382332,-6.55449855513,9.19137543812,13.5944924722
2000-04-07,-1.61296418581,-5.80996593246,7.29180297108,12.4682046563
2000-04-08,-0.65842947648,-6.51145063785,5.03842179277,13.51748159
2000-04-09,-1.05788022452,-5.836221537,5.19323160154,14.2061791122
2000-04-10,0.0686785529468,-6.73334416219,6.79523559184,14.871188115
2000-04-11,-2.41685492185,-7.48172307119,6.43168943819,14.6622349629
2000-04-12,-3.77947727218,-7.80782619051,5.96609795186,15.6606543438
2000-04-13,-2.42797247114,-8.62355411318,3.20418326969,14.1635113104
2000-04-14,-3.58516972759,-9.52421221971,2.60740496425,14.0159204551
2000-04-15,-3.02930226623,-9.07725619425,2.82431090899,14.8322639649
2000-04-16,-3.68975472096,-8.77671445388,4.56665497637,15.0446033603
2000-04-17,-3.76038661688,-10.0604594379,4.16030443687,16.8623396893
2000-04-18,-4.71048490381,-9.65875381723,4.1151637215,15.1602995051
2000-04-19,-4.24781242181,-8.33777831326,3.53204657941,15.1104223716
2000-04-20,-1.40406879237,-8.75106648799,3.62944487092,15.368703268
2000-04-21,-1.10133634889,-9.64878398648,2.69266516616,16.3296970051
2000-04-22,-1.46331856364,-10.300980179,3.17508283489,15.369402045
2000-04-23,-1.12978963811,-9.98751296512,2.00392718383,16.4572523486
2000-04-24,-1.11423473702,-10.164298274,2.6763278366,16.2227458894
2000-04-25,-2.09821142272,-9.76958591701,2.34388356293,15.6533413346
2000-04-26,-0.826912512058,-9.90727351797,1.64050012178,16.3674160771
2000-04-27,-1.62449392029,-7.35929124706,2.0657297431,15.493242447
2000-04-28,-1.22131081102,-7.0567045387,2.10254003011,16.1718749649
2000-04-29,-2.23517179277,-8.65767282924,2.64414925669,15.8998801992
2000-04-30,-2.39942025822,-8.54369677684,1.90377244393,16.726888023
2000-05-01,-3.06069923853,-7.70818316808,2.40777637371,17.2617739219
2000-05-02,-3.48429733471,-8.2926153657,1.31483282749,17.0386819757
2000-05-03,-4.38969488789,-6.01489220171,2.37748161692,18.6423843621
2000-05-04,-3.81533777594,-5.799548509,2.70460104699,17.6190067757
2000-05-05,-4.18425830399,-5.58989978676,1.68892226066,17.2677855447
2000-05-06,-4.97295648421,-6.17317916401,3.43792780091,16.3093979193
2000-05-07,-4.54815584476,-6.67752095861,0.473485944426,15.999592858
2000-05-08,-2.83027014823,-7.76414844476,0.206361905686,13.9306349462
2000-05-09,-1.55221610825,-6.82910053151,1.29097566186,14.7889728537
2000-05-10,-0.999210369402,-7.05146422062,2.73918803499,13.8630863155
2000-05-11,-2.10040827281,-6.37687515424,2.44559971904,13.4076052886
2000-05-12,-1.99375019037,-4.84252319562,4.65444747203,15.0554487309
2000-05-13,-1.71659965641,-6.03852635661,3.34512520606,14.8561319767
2000-05-14,-1.62077601415,-5.71538375317,5.15942932712,14.2564155365
2000-05-15,-2.2383055434,-5.62162770131,4.80942139626,16.0418738488
2000-05-16,-2.06143187832,-6.02915894163,4.42277617918,15.618943906
2000-05-17,-2.58987823439,-5.44026728795,5.14390292418,13.8315749778
2000-05-18,-1.64382549311,-6.28389316837,5.43474133457,12.5583020243
2000-05-19,-3.9640553908,-6.6853116877,6.14204303857,11.2904874111
2000-05-20,-3.23782806113,-6.58393627109,5.84509244862,10.8248768337
2000-05-21,-4.07380955957,-5.71096151391,6.15528201383,14.2969099736
2000-05-22,-4.56119101411,-4.37843779159,5.64948977194,15.1796575348
2000-05-23,-5.30385012501,-3.38250163151,5.83990701298,14.0797871976
2000-05-24,-5.11596705305,-3.71651864646,5.91904604125,14.7203134739
2000-05-25,-3.92441721977,-4.12144975715,6.3384089504,16.9237885583
2000-05-26,-2.82570296264,-5.37424572044,5.88202525239,17.4266069638
2000-05-27,-2.07924521828,-6.45613226665,8.55919778828,17.7262094705
2000-05-28,-1.28901993433,-4.82713001456,9.37004666057,16.8060447621
2000-05-29,-1.16240525554,-4.10303589876,9.84169869585,15.3963738662
2000-05-30,-0.845656577496,-2.61710168626,10.1765492874,14.4040874886
2000-05-31,-0.376851667186,-1.82214887798,9.49967214343,14.0491006977
2000-06-01,-2.38194232327,-3.12607831753,9.60983493086,14.0311382152
2000-06-02,-2.13752490002,-3.35390583105,10.7762762255,13.774687446
2000-06-03,-2.98819917151,-3.58577753603,11.3359767298,13.5034181524
2000-06-04,-0.231639854757,-1.89287102321,10.5081240852,15.5734486285
2000-06-05,-1.51203592343,-3.22064227765,9.33842346573,17.3223140795
2000-06-06,-2.14977748787,-3.62274745435,10.2334649666,16.1353581485
2000-06-07,-3.04241394851,-3.18127722107,9.76707960903,16.7698988986
2000-06-08,-3.27060571742,-3.13055605354,10.3139502955,18.8350101787
2000-06-09,-4.70405825695,-2.50814846332,11.8981220255,19.2659470607
2000-06-10,-4.02636910846,-3.44205027453,11.3100872128,19.5582597234
2000-06-11,-4.34574895965,-3.90107738148,11.4132126268,19.0818310211
2000-06-12,-4.52873784889,-2.14021186171,10.2656566788,19.009115261
2000-06-13,-7.60003019449,-4.51657556588,11.6702817576,18.462265581
2000-06-14,-6.97223225715,-3.22132385635,9.94829298284,18.1205899328
2000-06-15,-9.00381307884,-1.52134186707,9.43692057718,19.1069285171
2000-06-16,-8.60443238719,-2.01413071171,7.56674758869,19.7134270865
2000-06-17,-10.5300957584,-1.51279357541,9.8060622705,20.8518849477
2000-06-18,-8.50860811952,-1.49167668971,9.35210821082,21.5249854903
2000-06-19,-8.23123009985,-1.76485102936,9.22827410471,19.9720715232
2000-06-20,-8.88055262362,-0.620252967599,9.21537909102,20.8749544397
2000-06-21,-7.12076228092,-0.458612742498,9.00231019683,21.0703385614
2000-06-22,-7.42965772783,-1.20194906098,8.50866579712,22.2460966728
2000-06-23,-8.72942078989,-2.24833235278,9.74633354675,22.1632442178
2000-06-24,-9.33113793568,-2.17006715169,10.1309842196,21.4560263478
2000-06-25,-9.2378362372,-2.91604469016,11.3749548707,21.7342887123
2000-06-26,-9.22451557271,-1.91884838543,12.3173161633,21.8023002372
2000-06-27,-8.70183135192,-1.35603996747,13.8124743302,21.1188257359
2000-06-28,-8.47923767171,-3.13000754101,12.8062393194,20.9032365276
2000-06-29,-9.38723227448,-3.75648455679,12.6145572441,20.8255872925
2000-06-30,-8.73630111538,-4.31209472762,11.6920065153,21.0674681807
2000-07-01,-7.36552841309,-4.06658538544,11.4645156971,22.5460757119
2000-07-02,-5.17134673292,-5.5646722536,13.2749054371,22.508099632
2000-07-03,-5.59239727469,-4.97967881466,14.6930630369,23.2952027259
2000-07-04,-6.23604818832,-4.20443649193,15.4669942891,21.6628317238
2000-07-05,-6.8328212269,-4.3933825831,15.7749770038,21.7415853896
2000-07-06,-6.38433574951,-3.42971807175,16.3467313184,22.4785323466
2000-07-07,-6.26650405889,-3.02651730718,16.5314391208,24.3107572154
2000-07-08,-6.89609054381,-0.957784248813,16.4955564374,24.6915864253
2000-07-09,-7.45567743312,-0.644459308766,17.2287332805,26.0809647833
2000-07-10,-5.71386868804,-2.030267142,16.8858679478,26.6329542925
2000-07-11,-4.23167830291,-2.09462740368,18.9806080006,26.675719742
2000-07-12,-5.2198408953,-1.97938527638,17.3515810538,27.9376618095
2000-07-13,-4.82758203495,-2.71560740082,18.315680585,27.1063008714
2000-07-14,-4.34805881261,-2.14419160451,17.7195601435,28.8313402841
2000-07-15,-6.28302171651,-0.817569833972,17.0597613629,28.1360064469
2000-07-16,-7.15838838029,-1.9827337977,17.3936896979,26.7809150883
2000-07-17,-6.40080945571,-0.970918159857,17.7524277726,26.030691023
2000-07-18,-5.08935806768,-0.714015830423,17.7510255599,26.4272136143
2000-07-19,-5.55817125122,-0.246330080473,17.5862153893,25.7736970549
2000-07-20,-6.86075028436,-0.707318045174,17.011879915,25.9811063004
2000-07-21,-7.5856045367,-0.811752786419,17.2938731023,26.2862226267
2000-07-22,-7.21649244547,-1.0148604843,17.8025790376,27.0431461306
2000-07-23,-6.00135685607,-1.44162899411,18.3063212901,28.6699169303
2000-07-24,-5.86553611744,-1.89073345767,17.6878990401,28.9284746873
2000-07-25,-4.29475116917,-3.8269044527,17.9882835777,30.2206685101
2000-07-26,-4.65740385581,-4.07617693338,17.1138925559,31.7854092578
2000-07-27,-3.31022804716,-5.95640159315,18.522822589,30.4443596331
2000-07-28,-4.13945592659,-5.19451527474,16.2341310037,31.435807046
2000-07-29,-4.55236314641,-5.25273136164,14.9067448789,30.4912759386
2000-07-30,-5.24976402379,-7.06856793856,15.1126676343,31.2709206043
2000-07-31,-4.13547963215,-6.67301809842,15.3829667367,31.7769343922
2000-08-01,-4.6165158692,-6.66153867885,14.5923139717,29.383356745
2000-08-02,-4.91267963956,-6.55547873936,15.6637040149,28.0932210569
2000-08-03,-3.83887002277,-4.77145014198,15.5683480688,27.3758734819
2000-08-04,-3.44266403281,-4.83756173457,15.0272889509,26.1851676743
2000-08-05,-3.20790385081,-4.77749309911,15.9492615193,26.5001303893
2000-08-06,-3.8724456884,-5.38405575991,13.9252067284,26.7458643668
2000-08-07,-4.57095640552,-5.08608913883,13.4539248711,27.3295596912
2000-08-08,-5.17098045074,-2.91280286114,13.2427118312,28.3261377226
2000-08-09,-4.94051455661,-2.75643315737,13.3473171261,27.3132228806
2000-08-10,-4.93981950695,-2.29959555079,13.0927681505,25.1788560743
2000-08-11,-3.28196993512,-1.78920236337,13.2914827707,25.6006872073
2000-08-12,-2.01133040395,-1.89317130106,12.9450756816,27.1989683421
2000-08-13,-3.02313798865,-2.92000578849,12.1379624734,25.9062895923
2000-08-14,-1.71278326726,-3.24781155695,11.0929315026,26.6667907592
2000-08-15,-1.82778133102,-5.60749687385,11.503259914,26.4692953983
2000-08-16,-2.8552067635,-4.96592401564,11.0938346997,25.2372361612
2000-08-17,-1.45017669218,-4.4177221083,12.0400629654,24.1418608261
2000-08-18,-1.63891051323,-5.59668353246,13.4156535852,26.7108762805
2000-08-19,-0.918569358413,-5.89919439507,13.3374126615,26.5361039582
2000-08-20,-1.86557102813,-6.65295252818,14.6146417501,25.6148404133
2000-08-21,-1.09422070856,-5.40176298494,14.4058672505,26.2654548592
2000-08-22,-0.120106108483,-6.62262529455,14.210181724,27.1333461276
2000-08-23,-0.595702815365,-7.17075084543,14.2310789357,27.5563721336
2000-08-24,-1.1023385922,-5.53561134272,15.0681955658,26.947394125
2000-08-25,-2.58038067198,-6.47819335215,15.0093680322,26.6638548584
2000-08-26,-2.89580350221,-7.38976706254,15.0183085807,26.3444166626
2000-08-27,-3.82962004243,-8.26141937335,15.9504708795,25.1603944626
2000-08-28,-2.85229313383,-7.96849246316,16.342192019,25.137144256
2000-08-29,-2.7940862719,-7.53801992599,16.0231872349,25.8041423544
2000-08-30,-2.0970415883,-5.75479850967,14.685787974,25.2425057649
2000-08-31,-1.77352303931,-6.58993710907,14.4775249439,24.9041411952
2000-09-01,-1.24460873048,-6.46549172186,13.434832918,26.4386526527
2000-09-02,-0.730791405099,-6.43831479297,12.7662238429,23.9724643722
2000-09-03,-0.40323137668,-5.65724482143,12.2147912081,23.6062555318
2000-09-04,0.655079435072,-4.7345153173,11.8909925497,23.158977173
2000-09-05,1.75239438066,-6.17940560316,12.1874813695,23.4727703175
2000-09-06,2.30031626963,-6.38334455651,12.1263189264,22.9592101223
2000-09-07,1.10535292651,-4.36336641876,12.5951094729,22.8078216542
2000-09-08,1.29411994449,-6.8051144654,14.3363592252,22.7382592439
2000-09-09,1.82197649001,-7.66671533763,14.0762089925,23.3470730332
2000-09-10,2.07227234485,-7.13044619984,15.069806114,23.5287324598
2000-09-11,2.56188573916,-8.05660972306,14.998028598,23.2089223163
2000-09-12,3.48624428924,-8.91706670642,15.6365562738,22.5254822995
2000-09-13,2.98889271775,-9.5767390918,16.1785549464,22.2009803802
2000-09-14,3.59989447997,-10.2891437005,16.9771826782,24.1314447482
2000-09-15,4.01746840024,-11.5859795061,15.5597956969,24.7867583314
2000-09-16,6.0551418461,-11.4580939007,15.5053923199,22.781986093
2000-09-17,6.2880439323,-11.8869917916,14.6332569709,23.4447900379
2000-09-18,4.50741558753,-13.693641508,14.3906061263,24.2901519485
2000-09-19,4.93380827435,-14.6481241177,14.031817006,23.9315871071
2000-09-20,3.71104553365,-15.3883524189,13.3667719037,24.4718962647
2000-09-21,3.04575728635,-14.543170558,13.6617073505,24.5943219255
2000-09-22,4.5132723185,-12.4164984861,12.9051528302,25.2813824883
2000-09-23,4.93707773315,-11.8804698194,13.3881663978,27.0638878869
2000-09-24,4.89820547435,-11.8971647168,13.5796255304,25.2633792873
2000-09-25,5.61569827839,-11.9304724468,13.3429671609,24.2489244298
2000-09-26,6.49702868029,-13.0111607134,12.7285834227,24.9408807546
2000-09-27,7.07163338176,-11.0940892609,14.4545784046,23.6757335513
2000-09-28,8.39247609694,-11.1084199469,14.6886572055,25.5157105851
2000-09-29,6.955340178,-11.4393185594,14.5807034242,25.1343182887
2000-09-30,7.0127417881,-10.5304074832,15.2797919751,25.7152277503
2000-10-01,7.210629797,-10.5836048969,14.5277742243,26.4166087661
2000-10-02,7.63959656463,-10.9115340221,14.026016629,25.5752321825
2000-10-03,6.29577365783,-9.71543538542,16.1400532061,26.0626763464
2000-10-04,7.68083469938,-11.0228296026,13.8097653972,26.27132292
2000-10-05,8.78919996806,-10.6291249882,13.8144208654,28.5466529087
2000-10-06,9.43763428071,-12.3726037602,14.3910304142,27.4761464755
2000-10-07,8.87630248995,-12.6063236244,14.821292754,26.5826200227
2000-10-08,8.96306147621,-14.0851886712,14.3171667509,25.5821378585
2000-10-09,7.71683384306,-11.9891358159,14.1376207602,26.9969355256
2000-10-10,7.43126650662,-10.8544416621,15.719825522,26.684483065
2000-10-11,6.09367692,-10.0401328933,16.3332060527,26.3201650039
2000-10-12,6.29965166084,-9.37163272767,16.1748374756,26.9420106167
2000-10-13,8.2875777452,-9.13800319641,16.5800369491,26.2015359911
2000-10-14,7.15157918465,-7.63695412385,14.9544793028,27.421913583
2000-10-15,8.7469296338,-7.97998456839,12.8922989719,26.5088609737
2000-10-16,10.2457795028,-9.47638727001,13.3913985232,26.5408360912
2000-10-17,8.7589158117,-10.1187460948,13.4362296345,27.449459967
2000-10-18,8.20586071252,-10.9913485862,11.7456941287,29.8672847818
2000-10-19,7.87282173579,-11.1308766471,10.6562860244,29.89440616
2000-10-20,7.02678090478,-10.9790137749,11.3097011648,30.4533802515
2000-10-21,6.72946962235,-10.3853982913,12.1194081507,32.0299507509
2000-10-22,8.03307114315,-9.98564490976,13.2337298166,33.6469806632
2000-10-23,8.09352527845,-9.8456607194,12.6093194235,34.7511812621
2000-10-24,7.76422774596,-10.5138150586,11.1821863731,34.2099897674
2000-10-25,6.56677744647,-10.0948060414,11.209367795,34.7393764626
2000-10-26,5.64238432533,-10.7220201352,11.5782618741,33.0511759379
2000-10-27,5.26916156536,-10.685423936,11.0919576563,34.6353878912
2000-10-28,5.56864199986,-10.4668705611,11.0088204364,35.6208457022
2000-10-29,5.81559946015,-9.38258518223,10.7383580618,36.1677669767
2000-10-30,5.89091757329,-11.6284769054,10.6297639425,35.3430077651
2000-10-31,3.51926710137,-11.2869958046,12.2516264036,37.2594367182
2000-11-01,2.98035913752,-12.4513256529,14.4356707359,37.5570637331
2000-11-02,1.62958156712,-13.8957725323,13.2295716411,36.1231417215
2000-11-03,1.63003181558,-13.0446866899,13.8438040965,34.5537646718
2000-11-04,2.23763737067,-13.4675654702,12.7829639758,33.2518592344
2000-11-05,2.91894633689,-13.56400637,12.7789993981,33.0502633999
2000-11-06,2.18894510001,-13.8274321877,13.241496251,34.1424445003
2000-11-07,2.0529239139,-13.1388041526,12.7377419569,33.8230172668
2000-11-08,1.92775122895,-11.9526330867,12.2623709172,32.6641938525
2000-11-09,1.75552219274,-12.7850301881,12.5254775023,31.5165698313
2000-11-10,2.61633700836,-12.4423618154,10.9070341062,29.6898332915
2000-11-11,2.44968962708,-11.647975567,10.7855195308,30.3010141373
2000-11-12,2.65451403781,-11.8747981786,11.2793885966,29.2064510637
2000-11-13,2.08050648598,-10.7653257168,12.733576007,29.6413670603
2000-11-14,0.653488535732,-11.3318960568,13.176662757,29.1919002948
2000-11-15,-0.617406027839,-12.0593155413,13.9871454944,30.2400684741
2000-11-16,-0.937710260741,-12.2195768737,12.4103960615,29.6716680587
2000-11-17,-1.86181987931,-11.3788305622,12.6300554377,30.3174696379
2000-11-18,-0.0838782864502,-11.5059813513,14.2738800094,29.2238374273
2000-11-19,1.31457939954,-12.3733098376,16.4094134717,27.4811337246
2000-11-20,1.31174955974,-12.330181363,14.6294433015,28.0424236642
2000-11-21,0.967922187429,-11.6958720638,14.6105581502,27.9441040526
2000-11-22,1.05235163993,-9.70890217802,15.0462125838,27.5631067463
2000-11-23,1.99809181181,-11.3174573002,15.0745942683,26.7742258514
2000-11-24,2.81137743072,-12.0302796552,16.0982557031,26.088704708
2000-11-25,3.04939007328,-14.4592869266,15.9965232668,26.9991593526
2000-11-26,3.38245816037,-14.5945832523,15.3792330011,26.6345823929
2000-11-27,4.4783441674,-14.8717892689,15.1298238853,26.9729842957
2000-11-28,5.94738030757,-16.0905447005,13.1747357484,27.8518668225
2000-11-29,7.42035737611,-15.7541053295,13.1810892149,27.5535534865
2000-11-30,6.67460335099,-15.4363812531,11.9029056287,28.7090359376
2000-12-01,7.64910156629,-14.3104695548,11.0316206633,27.8218815838
2000-12-02,8.27053715274,-13.3745326291,11.5650347967,27.9604471274
2000-12-03,7.26081578119,-13.7894743893,12.1677832327,28.7642014349
2000-12-04,5.72822636222,-13.6970655653,13.1121187799,28.7418003635
2000-12-05,6.93743748877,-14.4602653584,13.5979182534,27.559080783
2000-12-06,7.48884453863,-13.2956703401,12.2339868086,26.9700043047
2000-12-07,6.65295495508,-13.7681855098,13.9187843099,25.3526241748
2000-12-08,7.19754351777,-14.8107639479,13.2920395462,25.7937453164
2000-12-09,9.10492890112,-13.2227259445,12.522946345,25.5447171179
2000-12-10,7.81868301146,-13.6193869936,9.99816371594,23.7013875183
2000-12-11,7.68046247757,-16.7020313289,12.1084420905,23.4139956179
2000-12-12,7.69108049333,-18.3572177756,11.9227051031,24.1088998168
2000-12-13,9.47247918252,-19.472218225,11.9984167704,24.3906583049
2000-12-14,12.0714862683,-20.047570922,12.4709721658,24.7671470462
2000-12-15,12.8806476138,-18.2987757112,12.8280699986,23.0570154076
2000-12-16,13.1641900307,-18.8117892775,12.7566326069,22.4917017133
2000-12-17,13.5731076679,-20.377720422,14.1450633128,19.7764975859
2000-12-18,13.9200919598,-20.517891628,14.8433126871,20.1322655665
2000-12-19,14.175293342,-21.3199230735,15.3785695293,19.3004888392
2000-12-20,14.6558465985,-22.0460944391,14.9121985132,19.3277374948
2000-12-21,16.6658244195,-21.7197403218,14.7047968133,19.4796645817
2000-12-22,16.1903907617,-22.2719834079,14.3993140758,19.4769548801
2000-12-23,14.2840856048,-22.221138717,14.954480589,20.507735412
2000-12-24,15.3935226749,-22.00599,15.1815359816,19.6720363747
2000-12-25,15.5510404711,-22.4046910171,14.9116301735,19.5848749977
2000-12-26,15.6410640446,-20.0002196281,13.8320924201,18.5011690807
2000-12-27,16.3679020416,-22.1174143974,14.7235021292,19.8058236027
2000-12-28,16.7901037358,-21.8947897495,14.4879798554,19.3792374307
2000-12-29,16.9493112431,-22.3996425145,15.9485635123,18.4142949313
2000-12-30,16.463200619,-21.767547377,15.0769815309,19.1919719463
2000-12-31,16.9571956346,-23.8482406243,15.2587276608,18.6145782909
2001-01-01,17.585436145,-23.0730205556,14.5269393721,18.6368706252
2001-01-02,16.3176490666,-22.89253152,15.3140024804,20.8142262865
2001-01-03,14.8670934464,-21.5411626926,14.7737985829,19.4651365823
2001-01-04,15.0204973811,-21.7714817039,15.2362437967,17.8206222284
2001-01-05,13.5265965664,-22.0365725576,14.9484399353,18.4547620236
2001-01-06,13.4285999861,-23.2173352597,15.2513839783,18.4657520062
2001-01-07,13.2331922459,-23.2321727881,17.1415334409,19.1946580188
2001-01-08,13.003612631,-22.9473350293,18.1752634242,19.2609563579
2001-01-09,14.0794860641,-22.6425849461,18.3467780487,17.3094289698
2001-01-10,15.5182505865,-23.6538730367,19.0006148843,18.3257155046
2001-01-11,14.6210417255,-24.2988497174,20.2287017259,17.5926999083
2001-01-12,15.188086598,-24.4855670248,20.9130920746,18.8022897662
2001-01-13,14.9321644166,-23.5978553943,22.8864686495,19.0186896639
2001-01-14,12.273126876,-23.6480977669,23.2015265022,17.7230242825
2001-01-15,12.4427503563,-26.0906317541,23.6623936992,17.5310507512
2001-01-16,11.1146983747,-27.1016386801,23.2076124371,16.330963381
2001-01-17,12.6558111258,-27.5031403474,22.9580359771,18.7254833198
2001-01-18,12.7750794273,-28.6213466211,22.2644780061,19.6094170832
2001-01-19,10.90606078,-27.4524282499,21.4977664522,17.9685977847
2001-01-20,12.478624018,-26.8440107594,22.041177292,18.2719600283
2001-01-21,14.0970408684,-26.1671896032,21.8585777173,17.5787165678
2001-01-22,15.0837861776,-26.3460052916,21.5339411697,16.575557105
2001-01-23,15.6662875658,-27.1159738012,22.7480055215,16.4613023932
2001-01-24,15.4271751629,-25.877832723,22.3315789264,16.7787037792
2001-01-25,15.3668169363,-25.9401677133,20.5920403715,16.2001638198
2001-01-26,15.3595001007,-26.1067562621,20.9964818942,14.4260798164
2001-01-27,15.9061465587,-26.4389070186,21.4572932853,13.9891908931
2001-01-28,15.4723375267,-26.977163306,20.9602311494,15.8782635864
2001-01-29,16.1955830604,-28.5978180031,21.9611498173,15.3673591989
2001-01-30,15.2181111708,-28.8996029803,21.4522771025,14.6371162708
2001-01-31,15.6874039955,-29.3016509913,20.9068644273,16.233632668
2001-02-01,16.5682281011,-29.2206961631,21.3214718888,17.2436939437
2001-02-02,15.962940746,-30.1316886419,21.1344230045,16.379804648
2001-02-03,15.4163103322,-29.5192769883,20.5449996426,18.1052961163
2001-02-04,15.8558533044,-31.1984056767,21.6298527153,16.5967161361
2001-02-05,15.0277911346,-33.5419129964,21.5811041047,16.5153331346
2001-02-06,16.4266919477,-34.117904969,21.3775946779,17.4328265036
2001-02-07,16.9692404933,-33.5183498609,21.7588538473,16.8461925271
2001-02-08,16.2040812638,-32.1073055789,21.9805167497,16.6046310027
2001-02-09,16.2779066269,-32.0967777928,20.5064981397,17.7846926122
2001-02-10,15.4483704338,-32.114995817,21.0805018,18.3151437606
2001-02-11,17.2259941748,-31.0799682333,22.9015217225,15.9332674605
2001-02-12,17.9408861049,-31.1873886962,24.1769914384,15.1602342593
2001-02-13,18.3901256621,-30.654468759,26.1554997022,15.9812853692
2001-02-14,18.676053372,-31.9496928418,24.6299067282,17.462622813
2001-02-15,18.3658502232,-33.7510436289,24.2558419619,17.4649170251
2001-02-16,18.9388606569,-35.1116779187,21.8750281527,18.141345611
2001-02-17,16.9521486128,-35.8640432638,22.9207468576,18.952842518
2001-02-18,17.412102904,-36.2509695013,24.0639340518,18.7927211357
2001-02-19,17.9512002561,-34.7812719597,25.4512303674,19.5513813172
2001-02-20,18.6062571248,-35.5644176426,25.2922296282,19.5436180531
2001-02-21,16.6797340552,-35.87137833,26.2407626074,19.9828495828
2001-02-22,16.086408138,-35.8739435358,27.3149189845,19.3304564691
2001-02-23,16.7640850592,-36.0146048397,25.6932059981,18.2770643658
2001-02-24,15.9693355331,-35.4590152526,25.2042857563,16.920947523
2001-02-25,17.0251310041,-35.7081550301,26.6059088695,16.0688261231
2001-02-26,15.5264704602,-34.3272234309,26.2711256285,15.7626624669
2001-02-27,16.1085924318,-33.7566691233,25.5402199697,15.6101074941
2001-02-28,17.5592114818,-32.6954343075,24.0675353124,17.6023966893
2001-03-01,16.1867802595,-32.273658334,23.8772892011,16.6526003537
2001-03-02,15.5942929746,-33.4358060479,22.278998575,17.6031189108
2001-03-03,15.578594293,-33.0060477981,22.0030034044,18.3857020529
2001-03-04,15.4601082237,-32.7594968019,23.2569479092,18.4563019967
2001-03-05,14.7265490924,-32.7732263886,23.2195934904,19.4985698253
2001-03-06,14.9068090401,-33.0423287585,20.8394852506,19.3640080966
2001-03-07,13.5262432007,-32.2664093857,20.9980170978,18.8533969743
2001-03-08,11.9091151566,-33.0327854691,21.2653471797,18.9128816263
2001-03-09,12.2319559309,-34.7838094899,20.5004913365,18.4363015272
2001-03-10,12.7928034846,-34.6344023013,21.2088141148,16.748446568
2001-03-11,12.4510810021,-36.2834809571,22.884677357,15.4446452876
2001-03-12,11.7730510649,-37.3789331612,21.6805543341,15.525213978
2001-03-13,11.0374386977,-37.4461118832,22.4858406088,14.5302405185
2001-03-14,10.8625157554,-38.3028109952,22.558325314,14.1417730456
2001-03-15,11.5353694243,-38.3311446584,22.0908766386,14.2769432291
2001-03-16,12.2714461149,-38.8209909424,23.4242656445,14.3294724462
2001-03-17,12.6111539691,-38.719077926,24.3961050777,13.5241445592
2001-03-18,11.8354056105,-38.0067822624,25.7049343697,14.1424724573
2001-03-19,12.718344919,-38.6709819564,25.4216810872,13.6656017765
2001-03-20,12.7789787392,-38.874226568,24.8375437536,13.2581822138
2001-03-21,12.3232718762,-39.334301935,25.3977190882,13.1464688837
2001-03-22,14.0952081326,-40.1081405508,24.9595322552,14.8381671145
2001-03-23,13.8433848383,-40.1424530319,24.5181148979,14.5340959054
2001-03-24,14.2458672707,-40.4350751236,25.8276386473,12.632960462
2001-03-25,13.8719727438,-38.9826548131,25.779072127,11.7653504594
2001-03-26,14.3331281577,-39.8634163983,25.3056149004,11.8069108797
2001-03-27,14.8360808659,-38.3399611932,25.4802617637,14.368909267
2001-03-28,13.7868196022,-39.754225529,25.2932844488,11.9128698618
2001-03-29,13.6382257289,-39.5073859376,27.392470065,12.3778349764
2001-03-30,12.390744384,-39.9011204483,28.8275325691,11.0787538185
2001-03-31,12.4809999661,-38.5299620702,29.1128131561,11.0360800567
2001-04-01,10.1829812753,-37.0155790007,30.2731941949,10.6963824048
2001-04-02,9.54491933258,-37.0217450058,30.1546024423,10.4797828666
2001-04-03,8.58760431188,-36.140344945,29.1746487165,11.6950339685
2001-04-04,10.2934062798,-34.9666266373,28.9441205522,12.2294110749
2001-04-05,9.15617527829,-35.6769218476,29.0995141616,11.5605754696
2001-04-06,9.16788062535,-36.5193927812,30.0592806004,11.6319586791
2001-04-07,9.84695378648,-35.8110569817,29.6371247231,12.265635887
2001-04-08,9.78428405752,-33.7109216802,30.2491954359,12.7754593197
2001-04-09,9.51525559151,-33.8465633385,29.5322835567,13.5413892932
2001-04-10,8.76100625964,-36.6386651334,29.7686406744,14.1939621257
2001-04-11,8.87564595689,-35.8274720602,27.0608658202,14.4215931473
2001-04-12,9.64681098932,-36.0716831763,28.2261733144,15.7606242069
2001-04-13,10.2109145274,-35.4552514373,29.006467985,16.9529426207
2001-04-14,9.34485715236,-35.4427556637,28.5453390579,16.5372666545
2001-04-15,10.0693922691,-36.3416382113,30.2924110442,16.8884302189
2001-04-16,10.6063526503,-35.6388672917,31.9190361234,17.1676968582
2001-04-17,11.8646221358,-34.6243955448,31.6291954866,17.185793355
2001-04-18,10.3319772906,-33.3891362364,30.0236550319,17.6292553236
2001-04-19,10.5116436099,-34.0048937235,32.5839686577,17.3882213166
2001-04-20,7.79299447175,-34.3534995474,31.9305040417,19.3006560494
2001-04-21,8.30155409192,-35.2644915511,31.3207763069,19.8170656385
2001-04-22,9.78187625847,-35.413076536,30.1175430928,19.6809047225
2001-04-23,11.7579668671,-35.4725792786,29.4008672637,18.327873984
2001-04-24,12.5745319978,-35.9334143328,29.2000090054,19.0019494431
2001-04-25,12.437421792,-34.2857573396,28.9945924023,17.4142535704
2001-04-26,12.9694478423,-34.9373425767,29.5083598178,17.3261469792
2001-04-27,12.0839978662,-33.5534400185,28.8381788491,17.3053359096
2001-04-28,12.5704288755,-33.8788259393,28.4605596582,17.4086300041
2001-04-29,12.4135352006,-34.8293153912,27.8300300495,18.1129056679
2001-04-30,11.0411276924,-34.5186345309,30.5118964183,17.0844776138
2001-05-01,10.0352899419,-35.5359670767,31.7063673759,17.8884139676
2001-05-02,9.82009018419,-35.623438767,30.9430263336,17.9032674519
2001-05-03,9.70274063141,-34.7263067104,30.814608092,19.7372551577
2001-05-04,9.07981571519,-33.7803202849,32.4338575943,19.4592600678
2001-05-05,9.92953519532,-33.5023919866,33.7849859111,19.2186104731
2001-05-06,9.97567857102,-33.251921015,35.1760489383,18.4665575501
2001-05-07,9.65398742077,-34.3952909449,34.5559826921,19.6314516663
2001-05-08,8.55876348763,-35.3686607196,33.902569448,19.5004006072
2001-05-09,8.71030774951,-35.1081289392,32.9554009067,19.8649357518
2001-05-10,8.9160121643,-35.0029040412,31.2535802534,19.3131673942
2001-05-11,9.47329484632,-34.33850642,31.4201342362,17.805698003
2001-05-12,7.77158706391,-33.0363773056,30.5957681136,18.7153837956
2001-05-13,6.97538375538,-31.2086270088,31.8883101729,19.0887491402
2001-05-14,6.7759336223,-32.0391677368,32.3718720684,20.6788874464
2001-05-15,6.97448677343,-33.3469028056,32.1629540226,20.8977659753
2001-05-16,5.75187571172,-34.986688655,33.3766249841,20.1048415509
2001-05-17,6.21836860428,-32.9909462685,33.4838192099,18.5242800036
2001-05-18,5.23287699176,-32.2268101649,33.7555426001,17.2459323791
2001-05-19,5.27509303458,-31.1427337069,33.5535648257,18.5086921806
2001-05-20,3.0035741999,-32.3170829504,33.6002106772,18.405178204
2001-05-21,1.98830838002,-31.6179574085,32.3338727143,18.6034657481
2001-05-22,2.98426521698,-30.8083519587,33.9134311227,18.974213329
2001-05-23,3.3375095316,-30.840480219,33.3116473653,20.9161199741
2001-05-24,5.50263466545,-31.0415952013,33.6667234592,21.2888894834
2001-05-25,3.75705094622,-30.4200417314,32.3853419328,21.6656299865
2001-05-26,3.54208522703,-30.6607904385,35.1215759593,21.1014710499
2001-05-27,3.66860193667,-32.2166542129,34.4185311592,21.2241481684
2001-05-28,4.06096896925,-32.636244796,33.6636621628,20.6763047228
2001-05-29,3.21879303274,-30.1193453579,34.0495253237,18.1351791847
2001-05-30,3.57237141947,-28.7038335464,33.5156567932,19.0108394112
2001-05-31,2.61280121751,-28.4733182985,30.0465716474,20.3218568451
2001-06-01,3.15772075503,-28.7750337721,29.4573862712,20.7814521616
2001-06-02,3.70882713145,-26.943026054,29.6227987236,20.9727895963
2001-06-03,4.7291817076,-25.5596604108,28.8754007294,20.1588172255
2001-06-04,3.04105931318,-26.4259105074,25.9960777481,19.6180335049
2001-06-05,4.19398581424,-27.4765644661,26.4142859171,19.3490825863
2001-06-06,5.91700063822,-27.5678040394,27.2759293242,18.7537579533
2001-06-07,6.67601933069,-25.91261561,26.6258906647,17.4166830278
2001-06-08,7.71251109075,-24.5491815666,27.3605503995,17.7789097383
2001-06-09,8.33526356275,-25.4361098171,28.2507633445,17.7364840849
2001-06-10,6.69981538564,-26.941499383,30.5105757014,16.8787878777
2001-06-11,7.22081254633,-27.2551212355,30.5042352523,16.9630491877
2001-06-12,6.14504485412,-29.075480051,30.0684190155,17.5843669362
2001-06-13,5.4415431171,-29.767927675,30.4391577225,17.3718157137
2001-06-14,4.6496370049,-29.6091527938,31.4524732622,17.6698204338
2001-06-15,4.11048221359,-31.5270779553,33.0192860264,19.5248272753
2001-06-16,4.25567005444,-32.8292658512,34.4187312182,19.6876408214
2001-06-17,4.14493404407,-33.4329039159,36.3928363657,19.6695405882
2001-06-18,5.01988937688,-33.5522198756,36.2353610571,19.5796483003
2001-06-19,5.81439526424,-33.5861376863,37.2334907515,19.9211197046
2001-06-20,4.75427962949,-33.8251801331,40.6646218437,19.8361189748
2001-06-21,3.70819943938,-35.1122865072,41.677027355,20.4185217246
2001-06-22,2.3189345405,-35.7433744004,40.9744020355,19.8336621606
2001-06-23,2.99672224199,-36.2856651056,41.1007204782,20.4511023286
2001-06-24,3.87270871142,-35.4713985078,41.7972545053,19.0707160253
2001-06-25,2.69513299242,-34.8910486108,40.5501746818,19.2459062296
2001-06-26,2.62330536356,-34.4280683125,40.4338038062,19.9570051384
2001-06-27,2.0111232564,-33.6265513701,39.4402521515,18.6592129491
2001-06-28,1.49025673074,-33.0711876921,39.4305903411,16.9222708852
2001-06-29,0.231829410578,-33.1697262006,40.2464165248,17.9541184357
2001-06-30,0.693249153529,-34.0881772163,40.5904977917,18.2482631201
2001-07-01,1.27306358531,-34.2091984165,39.2042983509,18.3254877445
2001-07-02,1.1037770138,-34.9342493574,39.7765846854,19.1708505127
2001-07-03,1.94705978894,-34.7750073299,41.5804472122,19.4622229502
2001-07-04,1.09684116473,-34.1699808425,41.4249559366,18.436349968
2001-07-05,0.0406098884277,-34.2220528046,40.493483976,17.7836006131
2001-07-06,0.566971081545,-34.7190215912,40.5885129277,17.4293467406
2001-07-07,0.153192824565,-35.1634051391,40.5106906152,16.9969273689
2001-07-08,2.75956516665,-36.4865885098,39.9642684888,17.9498366346
2001-07-09,1.32237828172,-35.7357280763,40.6698803825,17.7817955374
2001-07-10,-0.286696598508,-36.1395115195,42.1061202707,17.2452712077
2001-07-11,-2.28726232019,-36.8727839545,40.8820570605,17.7402083627
2001-07-12,-1.7773003482,-35.352658704,40.6446346224,17.497302865
2001-07-13,-0.856238565392,-36.8008449217,42.278612375,17.1400179616
2001-07-14,-1.27000568604,-35.244626976,44.2074788529,14.8358604891
2001-07-15,-0.542521295266,-35.2460986088,44.1145846879,14.8680124769
2001-07-16,-0.327893084196,-35.1109168875,44.1690640652,16.9499854197
2001-07-17,-1.9600083244,-35.638810467,44.3934275849,16.8086865404
2001-07-18,-2.87119017093,-36.158013626,43.7658825504,18.6123580172
2001-07-19,-3.75103875841,-37.4925559134,44.7663886841,19.4942286969
2001-07-20,-4.48659688104,-37.246525974,43.6225711135,20.6378902785
2001-07-21,-5.46204529342,-37.1025791881,43.3048971147,21.560185152
2001-07-22,-6.28066616007,-37.7240001719,43.6841260913,21.9669599001
2001-07-23,-6.51561291371,-39.6994369124,43.2479364043,22.2575297644
2001-07-24,-6.23803828502,-40.0791498198,42.1176716644,22.9079169809
2001-07-25,-5.81826307551,-39.8281038616,41.2934669755,23.0340009345
2001-07-26,-5.1569539534,-37.6066310378,41.9179211807,21.8514212037
2001-07-27,-4.0524454169,-37.9034920249,40.5276432803,21.982777095
2001-07-28,-4.76048786139,-38.6383361299,40.3841984963,22.196245342
2001-07-29,-5.1102942029,-39.3554582983,40.3909264721,21.9806418116
2001-07-30,-2.91512234483,-39.3601894634,40.0299434895,23.4596860314
2001-07-31,-4.74346030685,-39.3527974362,40.9366312752,23.8263002883
2001-08-01,-5.26842050822,-40.7252590172,41.2323748469,25.0346498691
2001-08-02,-6.62038760744,-39.9595019516,41.1401240357,24.4299320412
2001-08-03,-5.60861970676,-40.5023747516,39.4145053436,24.5206130757
2001-08-04,-5.40887479129,-40.0923999339,40.7038138607,24.2310084635
2001-08-05,-6.51341304895,-41.6529398644,40.002105688,25.0341932205
2001-08-06,-4.30663121294,-41.0073773314,39.6733951647,22.1103055706
2001-08-07,-2.32484423011,-40.1745359766,40.9768304097,21.1833545711
2001-08-08,-1.33193380581,-41.4533482084,40.5960057443,20.0098069506
2001-08-09,-1.14718027845,-41.3287032558,42.2889363191,21.383165891
2001-08-10,-0.632222657302,-40.7430205808,42.0619342136,21.4091112136
2001-08-11,-0.568309996139,-38.7034402448,41.6771526298,20.0875225814
2001-08-12,-1.84199539196,-39.1720538842,41.5899527735,18.7382766391
2001-08-13,-2.41647005013,-39.0369399345,42.0444626112,18.2550646056
2001-08-14,-2.42661205685,-40.1790475962,43.2690406808,18.0706131037
2001-08-15,-1.64877510621,-39.5260040055,42.9670643072,15.6956934269
2001-08-16,-0.713605992235,-39.5286246583,41.9234637869,16.3437890999
2001-08-17,-0.548956968347,-38.529411763,42.7308895436,14.4124789873
2001-08-18,-1.35879753154,-39.0777971194,41.2254415597,13.6155002525
2001-08-19,-1.50274896192,-39.3827007602,39.8867603975,13.1708722236
2001-08-20,-1.24843737494,-39.4232288846,41.0913212495,13.6693004848
2001-08-21,-1.67203169349,-41.7631685286,42.5848199176,14.1750959455
2001-08-22,-1.57914313164,-42.1063873238,40.3935310535,15.1742058918
2001-08-23,-1.04305776823,-41.0852073274,41.6868467667,13.2854668568
2001-08-24,-1.21587972874,-43.6203650523,40.6095465891,14.1500839563
2001-08-25,-2.1308025111,-41.8978216826,41.4341998894,14.1135712587
2001-08-26,-3.73404010836,-40.0001226676,41.434692606,13.9742416857
2001-08-27,-1.50688300662,-41.2030428993,39.27193837,12.6699424913
2001-08-28,-0.378697491202,-40.981151226,40.2852171533,12.4614479743
2001-08-29,1.10370772652,-39.1401321282,40.3009462535,10.7790857267
2001-08-30,3.25462576155,-40.4264073973,40.6685108214,9.82484540477
2001-08-31,4.72430691841,-41.1623557259,38.6028640036,9.56922600699
2001-09-01,5.84528528705,-39.6943358139,38.1573096552,11.0172380484
2001-09-02,5.03877273914,-38.3217020566,39.0728455169,12.3005703989
2001-09-03,4.2932017522,-39.5228267325,39.0797546903,13.163491332
2001-09-04,4.77778910649,-40.3419626803,40.1568480515,13.7333930605
2001-09-05,3.81490867926,-39.2330821632,39.7652365436,14.0363480832
2001-09-06,4.98489320602,-38.080257538,37.7586018738,13.7535182085
2001-09-07,3.70486294083,-36.2470152354,37.4151378732,15.3176985886
2001-09-08,2.51973889639,-34.1610615365,36.2082946016,14.7974226791
2001-09-09,0.271824444253,-34.7152411003,36.0174695293,16.3184454373
2001-09-10,1.50815296536,-35.6417229251,36.0629051477,18.2662399418
2001-09-11,1.46643936517,-37.3112225526,35.3278797937,19.0574510882
2001-09-12,2.40556318196,-37.5405943074,38.0240172076,19.3536106704
2001-09-13,4.76662508041,-37.8270634075,38.0849498612,20.6732366809
2001-09-14,4.52630866494,-37.6718087986,39.036407747,22.0684960212
2001-09-15,3.04711631654,-36.4149680617,40.4765588096,21.0000914351
2001-09-16,2.92467831136,-37.0793522529,40.0499781818,20.8351414808
2001-09-17,2.98389152317,-37.4555006226,38.7103130445,20.750046718
2001-09-18,3.39207251092,-36.4914001699,38.8693163126,21.4277958695
2001-09-19,2.71779242259,-35.6751931962,38.8807347693,21.3379732786
2001-09-20,2.57958684016,-34.6063424669,39.395233927,20.0409893112
2001-09-21,3.24504051014,-35.0376909674,39.2879589703,21.0586428694
2001-09-22,1.68075721121,-35.1368851908,39.6916102352,20.6826731352
2001-09-23,3.27872905404,-35.2588975776,40.1356773599,19.5798467595
2001-09-24,4.05869225606,-34.508347436,39.5846998364,20.6373960002
2001-09-25,3.46366084479,-35.6414071406,38.4690365873,18.0671267373
2001-09-26,4.77903538899,-35.6336096294,39.2845220989,19.7640108329
2001-09-27,4.79026300723,-36.2602002898,39.1359925219,21.3716427286
2001-09-28,4.25968754515,-37.3329015214,38.5374429269,21.4639232782
2001-09-29,3.35287092419,-35.9054424721,38.4780292739,20.1781692579
2001-09-30,1.80000693156,-37.7124148838,37.520063277,20.4307612392
2001-10-01,1.76137802469,-37.524176405,38.0932199798,21.8431333349
2001-10-02,2.09260096741,-35.5305305944,39.9317549235,21.0411442372
2001-10-03,1.72763585571,-35.5705397887,39.5768671381,21.8201287611
2001-10-04,0.988882746614,-36.0748305978,39.7009339537,22.4377384688
2001-10-05,0.650832095857,-36.2884289097,39.3056896293,22.2616094707
2001-10-06,1.79675718017,-36.2395514895,38.6090969484,23.2368614632
2001-10-07,2.44050282612,-36.3927197,38.586008703,24.9293920799
2001-10-08,3.7331573774,-36.7829696032,38.7958549393,25.7742256469
2001-10-09,3.10468332444,-36.4654128374,38.4174858718,25.457693093
2001-10-10,1.30533147474,-35.0215870157,38.5009146119,24.7154958968
2001-10-11,1.34002164988,-35.4828539905,40.096320916,24.3762416875
2001-10-12,0.687020664393,-34.4862567038,39.5328514881,23.8985924047
2001-10-13,-0.300396272841,-34.4214302602,39.3003395559,22.8404097311
2001-10-14,-0.503705534189,-36.6717328543,37.392107962,24.1610093172
2001-10-15,-1.4204991135,-35.9622684831,36.3099955602,23.0597991807
2001-10-16,-2.19354566264,-35.6702049872,35.0514603794,23.4086650339
2001-10-17,-3.48588534107,-36.0903194549,35.4238574254,23.4393349486
2001-10-18,-4.96676018102,-36.0634815424,36.3865580934,24.0600232218
2001-10-19,-6.39251083796,-36.9769535977,36.4727981303,24.9279275371
2001-10-20,-7.1160884587,-35.4383991527,38.2134813226,23.8269095354
2001-10-21,-6.60126727096,-35.0956016808,37.6703188312,24.8050968167
2001-10-22,-6.60960273754,-37.541986711,35.7557640632,24.1710463491
2001-10-23,-5.73756823619,-38.2772918337,35.8023397185,23.6678824873
2001-10-24,-5.331702607,-37.770433056,35.3381823164,22.8211524033
2001-10-25,-5.79650934352,-39.6922930729,35.129806723,24.3928273625
2001-10-26,-5.82552337926,-38.7086368692,35.3826497801,23.4917411781
2001-10-27,-6.73897535081,-38.9980819648,34.6665995929,23.8906356171
2001-10-28,-5.7797518358,-39.7402291222,33.9461962918,22.9954917783
2001-10-29,-4.8488186914,-40.431514356,33.6889525608,23.7140857963
2001-10-30,-5.49172260698,-41.7864692159,33.3629090071,24.8661585902
2001-10-31,-5.28552964958,-42.4997566376,33.791168554,24.0696439125
2001-11-01,-5.75332014984,-41.1201454096,32.32669456,23.6276839812
2001-11-02,-5.35046367129,-39.8677512783,33.0333973298,24.6272198172
2001-11-03,-5.23453724726,-40.5375433637,34.7218006608,23.6316718654
2001-11-04,-6.27934173827,-41.3118701015,33.7747422248,22.6196975
2001-11-05,-6.76845734439,-40.2704117495,35.0992444195,22.8477376581
2001-11-06,-4.90688621063,-40.0070842975,35.4532737166,21.8071245038
2001-11-07,-5.24588857057,-38.9452126268,34.9079022241,23.6053407328
2001-11-08,-6.93462313965,-39.0800322532,35.2368096422,22.8620303038
2001-11-09,-7.85621082324,-39.1798033485,35.8392058955,22.3441673271
2001-11-10,-8.77576081148,-39.2566190301,36.9093105518,22.9319137017
2001-11-11,-8.84194586902,-39.0740092074,37.3928472651,22.3735967912
2001-11-12,-9.5139207336,-37.7555923158,37.7959185036,19.9455910959
2001-11-13,-8.72641463964,-35.8775221015,38.728797362,20.2320975201
2001-11-14,-9.06192056019,-35.0959864267,38.9249778722,20.0323370898
2001-11-15,-9.70201457339,-34.2996734844,38.865387248,19.6384916747
2001-11-16,-9.75397140396,-33.9042920917,39.1692409531,19.7683206435
2001-11-17,-9.6105483221,-33.2492048028,40.8145527308,19.5234448173
2001-11-18,-9.1866809368,-33.2893672505,39.2765726298,18.7410362222
2001-11-19,-7.95404721265,-32.8459843212,40.0353261673,18.4688277785
2001-11-20,-7.98710095979,-35.0692003817,40.2939570492,19.5624313228
2001-11-21,-6.88373132333,-36.9599383017,39.1759566801,18.3465738915
2001-11-22,-4.52779427809,-37.0733829615,40.7437225872,18.5070588258
2001-11-23,-4.49838684135,-36.1589163025,40.6462015757,18.9810247152
2001-11-24,-5.7874108525,-36.8638931929,39.2848379654,19.0429244616
2001-11-25,-6.13661187992,-38.3232385909,38.1973619164,18.607410671
2001-11-26,-5.60934688888,-37.6004644679,37.9646415368,19.0397532859
2001-11-27,-6.76853126844,-38.1191042958,38.3699792805,19.3514621444
2001-11-28,-8.7402692065,-39.5725961795,39.9323056738,19.5959766192
2001-11-29,-8.88068709097,-38.7596890936,40.5262988737,19.8669759852
2001-11-30,-8.58000984715,-37.9024085614,40.6589906616,21.2414924902
2001-12-01,-9.47499866912,-37.1911999099,39.327767451,21.2902516546
2001-12-02,-8.13699878657,-36.4146570308,38.9522530058,21.8240567499
2001-12-03,-6.50389013544,-36.1965798991,39.892064494,21.0017692547
2001-12-04,-6.18060501998,-36.9957653178,41.3083291214,19.7318522064
2001-12-05,-7.13300941613,-35.8216351391,40.2670807988,19.5811588361
2001-12-06,-8.41218101761,-34.6219664597,39.2659285997,19.2335267489
2001-12-07,-7.79290097655,-35.8361122243,38.0062666156,18.74249193
2001-12-08,-8.76383770719,-36.6236158447,38.6344344067,18.9134762555
2001-12-09,-8.3209297861,-37.1306626103,36.4601294924,19.4316539755
2001-12-10,-7.72583805046,-35.4994321432,36.0962066077,19.8105607861
2001-12-11,-6.94340041491,-35.046385635,36.6551886967,19.5103437385
2001-12-12,-6.88667898476,-34.484031346,35.0534128802,19.1379511689
2001-12-13,-6.70776718281,-34.9956051993,34.3234492624,18.6981866421
2001-12-14,-6.49160318077,-33.8733889354,34.294985777,19.4964695026
2001-12-15,-7.30397479899,-32.6317891429,35.1787642504,20.3490904276
2001-12-16,-6.48806604422,-32.765518638,34.3576746027,20.8587732073
2001-12-17,-7.86000398805,-31.7408294882,35.2272349646,20.3992524927
2001-12-18,-7.51305390771,-30.1496838413,35.1270071847,20.5141913913
2001-12-19,-7.06060857366,-31.8010792159,36.215669645,21.1467555105
2001-12-20,-6.92293953551,-30.3594834472,35.9102610116,20.7158905569
2001-12-21,-6.42181646392,-28.1924977038,35.96534785,20.346884203
2001-12-22,-5.42528803902,-27.4812024043,36.934470059,21.9842997262
2001-12-23,-4.45514080964,-26.4721484545,38.1162831309,23.0929925188
2001-12-24,-5.42290549187,-26.6837847016,38.7422701203,22.4583706858
2001-12-25,-4.89249409196,-27.1238677763,38.001455201,21.2800384429
2001-12-26,-5.9779608569,-26.4077216078,38.3048344314,19.2891572437
2001-12-27,-5.10605784955,-25.0090354454,36.1044790243,19.6942072918
2001-12-28,-5.40929494122,-24.3828161287,34.3788585028,20.6143694537
2001-12-29,-6.47250895824,-25.9825236011,34.5105761741,20.2540576657
2001-12-30,-6.77919655386,-24.600382316,35.7303491602,18.1538768022
2001-12-31,-8.48923150544,-24.5011312197,35.2418582776,17.5871364475
2002-01-01,-7.93624603178,-24.1333553656,35.8154726882,17.57448264
2002-01-02,-8.1852028073,-23.2862658106,35.267627968,18.6075998787
2002-01-03,-6.56068458272,-22.7088100559,34.1087060945,18.462780825
2002-01-04,-6.77591444559,-19.5655222743,34.511294024,16.7054895597
2002-01-05,-5.34426786169,-19.9336529936,34.6460197919,14.3574169671
2002-01-06,-5.06364685979,-19.9367235303,35.3155127832,14.0861330865
2002-01-07,-4.37487536795,-20.5423032302,37.1905658345,13.2530438251
2002-01-08,-3.99855890595,-18.9939200739,38.6081677599,12.4142467077
2002-01-09,-4.92010259964,-18.1699404874,38.6346628845,11.0681725467
2002-01-10,-6.00159624701,-17.1205801416,38.1618106848,11.0016081871
2002-01-11,-7.5549956679,-17.1705510203,37.4965794355,10.8670239701
2002-01-12,-7.40413218321,-17.5225895319,37.3006455691,12.2114949216
2002-01-13,-7.93527618793,-18.4727510699,36.0827066677,12.0096336801
2002-01-14,-5.90665150872,-18.4100653977,35.9496019961,11.7487566882
2002-01-15,-7.64192925046,-18.3727397019,36.1287221621,12.220697219
2002-01-16,-7.50760930004,-17.4274784155,36.4021028812,10.9278109694
2002-01-17,-7.49378356034,-17.9088245472,36.5867918528,11.3400226024
2002-01-18,-7.15824101661,-18.0545997868,36.2828444682,11.4754813094
2002-01-19,-7.34895502329,-18.0830871262,36.1463796859,9.21415728979
2002-01-20,-6.2699803278,-18.7936049369,37.5922024405,8.80302058763
2002-01-21,-6.07020374934,-18.7410380832,37.2286918453,9.53492364161
2002-01-22,-7.5506284068,-17.1012350839,38.0422475009,8.1320557957
2002-01-23,-6.27135171222,-18.1470578751,36.5828522755,7.25569227759
2002-01-24,-6.6956833649,-17.8182557614,37.6764513364,7.67689839623
2002-01-25,-4.64474685067,-17.8433126371,39.6665721049,5.84826284181
2002-01-26,-5.15920659832,-18.99759524,38.9988741332,5.85138385206
2002-01-27,-6.21821786099,-18.4719152709,38.1992538351,4.69767013741
2002-01-28,-7.81358259665,-18.6033857467,39.4083237866,3.43121164838
2002-01-29,-7.6156005005,-19.5892336784,41.2179490729,4.63605053893
2002-01-30,-6.25252395224,-19.1709128572,40.2866648051,4.06112768821
2002-01-31,-6.71354443042,-19.6376567806,41.2894889064,2.55043073987
2002-02-01,-5.96075646054,-20.2552546988,40.9774758292,1.30066597764
2002-02-02,-6.50186080901,-19.604125688,41.1684867557,1.55497973244
2002-02-03,-8.13205276067,-21.3908185631,42.5121405853,3.05946454022
2002-02-04,-8.32135318771,-21.2421104414,42.5241534243,3.37274069111
2002-02-05,-7.98137860804,-22.2613097712,41.6629497726,5.96477838914
2002-02-06,-8.3275193559,-21.4038646089,43.186087743,6.08475475575
2002-02-07,-9.0319388514,-20.9977640344,42.3794195232,4.97608034023
2002-02-08,-8.91004252228,-21.3101320862,42.9381080544,4.81705708899
2002-02-09,-8.93965102414,-22.2052937653,41.8902935031,4.29993469636
2002-02-10,-8.67749720117,-20.0574825234,42.0746339599,4.41965129888
2002-02-11,-8.48176997921,-22.0902672147,42.3022460177,2.83309234888
2002-02-12,-8.94738511016,-23.5768761829,40.1352940968,2.44022709916
2002-02-13,-9.51708310145,-23.0756609874,41.1289605977,2.1655553939
2002-02-14,-9.07444826543,-22.8863984339,42.0626098446,0.532856041924
2002-02-15,-7.49558638024,-21.1812238708,41.3992508328,1.54152287036
2002-02-16,-7.33023963222,-21.9525002136,41.1798165295,1.54330137172
2002-02-17,-6.76876108588,-21.724398389,41.3988652602,2.3100728536
2002-02-18,-8.09158105416,-20.3830131054,42.217531145,3.14503835376
2002-02-19,-6.75193670287,-21.005789591,41.4421129314,3.36046770177
2002-02-20,-7.4991726424,-21.3995816063,41.5803550521,0.918551684961
2002-02-21,-8.5226957357,-20.9133739769,41.9439308544,1.67726517786
2002-02-22,-8.36847363037,-20.2091602945,42.8089963196,0.549707327728
2002-02-23,-8.12478167074,-22.5906586634,41.4322868851,0.47676210339
2002-02-24,-8.27495088904,-24.2778684267,41.6214012438,0.28474940982
2002-02-25,-8.62589441018,-26.4470105814,42.4680343906,-0.042484260839
2002-02-26,-9.00400161978,-25.8816302158,41.8088832263,-0.735522945627
2002-02-27,-9.99491473021,-25.2450741821,41.4098598505,-0.661573817558
2002-02-28,-9.03995360109,-24.890821455,43.9688399502,0.578776399163
2002-03-01,-9.57891525835,-26.1115492983,44.3221754899,-1.49343496818
2002-03-02,-11.19355698,-25.9823248618,44.2281683091,-0.854006058226
2002-03-03,-10.7267052303,-24.5373786639,44.6122570298,-0.73197173489
2002-03-04,-11.7364050153,-25.4151796493,44.5711191994,0.629072012199
2002-03-05,-11.7719882802,-25.2965581566,43.7038066762,1.31334757511
2002-03-06,-11.1250594354,-23.8862048772,43.9192118815,-0.370303610005
2002-03-07,-10.4351694236,-23.5680706685,44.1231502791,-0.240645725209
2002-03-08,-9.32123007585,-23.2757296456,44.6020765041,1.11820548877
2002-03-09,-9.39436261586,-23.2267322828,45.1656529329,1.27159754497
2002-03-10,-9.22911435928,-25.0611375655,44.1792747132,-0.197384925468
2002-03-11,-8.900084523,-25.3345392698,44.496303732,1.03652006378
2002-03-12,-8.76416540652,-25.0905890412,46.4389428918,0.652366987312
2002-03-13,-10.0099814177,-24.1254280008,45.5953353579,0.803225677567
2002-03-14,-10.067558941,-24.4357148322,45.3161813646,2.60586502359
2002-03-15,-8.93127516678,-24.0676496239,47.3471906764,2.07067417608
2002-03-16,-9.75007636373,-23.6047636311,47.3091063118,0.368976786186
2002-03-17,-10.5185359788,-22.2853778944,47.8015615787,0.545901048131
2002-03-18,-9.28342893246,-22.6898778018,47.5040888437,0.34279070535
2002-03-19,-9.50981466565,-22.4024063755,47.7296955428,-0.742998704611
2002-03-20,-10.8050706905,-22.1378156929,49.2984713671,-2.49153356621
2002-03-21,-10.3124741924,-20.8982276898,49.1228327877,-2.95291681659
2002-03-22,-7.55528684192,-19.294301109,50.2845222152,-2.6475924273
2002-03-23,-6.99888451687,-17.1373021521,49.8517796607,-3.58422570054
2002-03-24,-5.73144445224,-17.6610937614,50.4355574992,-2.71962906143
2002-03-25,-4.48930426408,-19.9892830007,51.8606634433,-3.14217624427
2002-03-26,-5.09921167236,-19.5428126779,52.8270779626,-2.65951524856
2002-03-27,-5.05358730791,-18.4925457514,52.0473633422,-2.0891105482
2002-03-28,-2.99598272348,-16.8455108104,53.0738516882,-0.76448131142
2002-03-29,-4.71768257198,-16.6851774602,52.081019645,-0.150960960779
2002-03-30,-3.2554237728,-17.3638588924,50.580099397,-0.966621165417
2002-03-31,-4.0403219826,-16.6790400842,51.1961851429,0.633577020023
2002-04-01,-3.2574721024,-16.4166619658,51.3919320257,1.92283009564
2002-04-02,-2.12888229838,-15.5383643958,52.1706388662,2.55477734378
2002-04-03,-2.11581516682,-15.8249430522,51.3451564864,1.10538328131
2002-04-04,-1.12135811097,-16.2415389881,54.2587324667,2.62983751245
2002-04-05,-0.894456706937,-16.0312249199,54.827733041,2.88390491706
2002-04-06,0.840073341455,-17.2511678257,55.6158309721,1.28324937654
2002-04-07,0.978448933806,-17.314741937,54.3886985817,2.64221319044
2002-04-08,-0.896281303351,-15.5961940599,54.3876778718,1.98720371796
2002-04-09,-2.15717009318,-15.745196052,53.6135171666,1.76766693469
2002-04-10,-1.72439568609,-14.7736005076,54.6112371248,4.00655116201
2002-04-11,-0.902904297807,-15.4685554546,53.9473018062,3.01757150457
2002-04-12,-0.342502497808,-14.714026441,52.5187585406,3.62805859215
2002-04-13,-1.02526507206,-14.8242016931,51.052013992,4.50246217556
2002-04-14,-2.09563507507,-15.1519284063,50.9050304284,3.41169479461
2002-04-15,-1.30868313832,-13.5792003971,49.3237998595,3.31689340543
2002-04-16,1.59826811765,-14.9679481973,51.4646396405,3.68123921853
2002-04-17,2.08234191321,-13.8404479369,49.801136531,2.89681389308
2002-04-18,1.48764717736,-13.64565139,48.9104045157,3.72729728622
2002-04-19,2.37405877821,-13.0741939857,50.1344525672,2.92106983018
2002-04-20,1.48142420604,-12.0716656735,48.8520399159,0.236688108555
2002-04-21,2.78931425651,-12.5751423761,48.2379921493,-0.205281370826
2002-04-22,2.75107430456,-13.5043110252,49.1289890594,0.939352943995
2002-04-23,1.85574127045,-13.0928278995,48.3629232876,0.158032954229
2002-04-24,-0.283199530354,-13.3761981484,48.5941755165,0.259104484285
2002-04-25,0.285170238634,-15.3721290407,45.5371434743,1.15986139977
2002-04-26,0.172924977386,-15.3005276847,45.778030927,1.65635390114
2002-04-27,-0.995248710848,-15.8951247777,45.1739042276,-0.384482772899
2002-04-28,-1.46397355261,-14.3103809799,46.0060505161,2.34087856274
2002-04-29,-1.617387377,-14.3156341408,46.3334545244,2.58287049656
2002-04-30,-1.45862916217,-12.43807022,45.2510055286,2.00462777334
2002-05-01,-2.1601795625,-13.010533292,46.6534660593,3.64152997611
2002-05-02,-3.38718649553,-12.8521327143,45.9558208278,4.11054916434
2002-05-03,-3.89263537328,-12.7071654781,45.0734521455,4.50000845212
2002-05-04,-3.64002713406,-12.1410217548,44.5398983743,5.45742887121
2002-05-05,-4.15644785386,-12.1056131672,45.7925263512,5.69573681424
2002-05-06,-4.40715747577,-12.7756711014,47.7000228686,6.47188377447
2002-05-07,-4.15757400172,-9.55326496856,47.474722305,6.10006612089
2002-05-08,-4.93052325194,-9.3444164133,49.3203333178,6.80792367652
2002-05-09,-6.59056988471,-8.76754476628,49.1197050575,8.63899052968
2002-05-10,-6.17053905516,-10.5399871669,48.4543009666,8.81965867881
2002-05-11,-6.35907746707,-10.7623989148,49.2500334623,8.16212314946
2002-05-12,-6.12931101155,-11.4266654215,47.5816188384,9.70971417571
2002-05-13,-4.80387724643,-9.97268047188,47.6236010817,10.1283283628
2002-05-14,-5.11629471546,-9.46113223989,48.7413696932,8.95864050314
2002-05-15,-5.25337836582,-8.51059634643,47.9008464493,9.30856852479
2002-05-16,-4.05633867892,-9.81243093296,48.593655368,10.0655037123
2002-05-17,-3.81816471364,-10.0710874731,47.9447391269,9.04787381288
2002-05-18,-2.99846513835,-10.9159909903,47.8783125395,8.83781762633
2002-05-19,-2.00719170887,-11.677886497,48.2725470326,9.30245334517
2002-05-20,-1.64858457773,-12.8020641391,48.0671533776,8.94747722209
2002-05-21,-0.112128954471,-11.8084305329,50.0269045727,7.82412625066
2002-05-22,-0.0791006262684,-11.8398509427,49.4637787819,8.05949300024
2002-05-23,-1.37006333382,-11.3946029831,48.8540582686,7.07553790206
2002-05-24,-2.79244162801,-10.8593007569,47.8085938319,5.51009736285
2002-05-25,-2.41229465128,-10.7861262206,47.7513108074,6.45070191252
2002-05-26,-3.2414735744,-9.35190206579,47.811189289,6.94099024009
2002-05-27,-4.13080924907,-8.56862973787,48.3434573174,6.78297038573
2002-05-28,-4.44548834144,-9.06622695561,47.5258552621,5.86600566216
2002-05-29,-3.70950477479,-7.11731278653,48.0114556635,6.36852964621
2002-05-30,-5.47953339103,-5.99416089687,48.4237000356,7.77667674763
2002-05-31,-6.01300861932,-5.97346449545,46.5128043423,6.56131772423
2002-06-01,-7.34342031148,-4.90456954429,44.7345543707,7.12030670652
2002-06-02,-6.35072294518,-3.79306236945,45.8755645158,6.8064954376
2002-06-03,-6.36291948321,-3.28727363987,47.0325305456,8.06764431575
2002-06-04,-6.30263335827,-2.52459905952,46.9180099052,7.74387633763
2002-06-05,-4.68190076253,-2.93386520118,47.0301768446,7.95323816932
2002-06-06,-5.57396427297,-1.61032641731,46.5794081665,7.99323518817
2002-06-07,-5.11881585564,-1.04603767137,47.313468198,8.3332285922
2002-06-08,-5.12548044738,1.36942030769,48.2563971572,8.09087787864
2002-06-09,-3.81764275528,0.695820594954,46.6424075657,8.19512361101
2002-06-10,-4.31202157489,0.103220805908,46.3584137249,8.11143949247
2002-06-11,-3.86509852416,1.17123470365,45.4436500766,7.38817771496
2002-06-12,-3.49241971671,0.579556596677,45.1137597143,8.6875569789
2002-06-13,-3.25427105482,-0.591146027266,43.8856156305,8.29130670067
2002-06-14,-3.78857882139,-1.12973346298,45.437250732,7.69430815079
2002-06-15,-2.70579910096,-0.238918955956,46.4681188679,7.70289806674
2002-06-16,-2.04266226956,-1.24865027662,47.0561905145,8.82832424088
2002-06-17,-3.09986891731,-1.809074232,48.2335126765,8.19916535088
2002-06-18,-3.38473554582,-2.95926406726,49.7502907666,7.886833462
2002-06-19,-0.847645289476,-2.15724644574,51.0425793491,7.56409317112
2002-06-20,-0.500807188557,-4.81003935385,52.1975955596,7.69800935459
2002-06-21,0.665940474034,-5.39937483454,52.5566329471,8.77588332173
2002-06-22,1.69981940736,-3.45915667995,54.0094987032,10.3894503391
2002-06-23,2.73084440841,-4.22417542841,53.3649394782,9.56672857569
2002-06-24,2.86935205709,-4.80866479878,51.8335664645,9.62098106143
2002-06-25,4.21409495676,-5.57137134516,51.5644817131,8.62392029465
2002-06-26,3.96086517624,-6.94740595435,50.2716878051,7.87856416609
2002-06-27,1.88158218826,-7.14583292736,50.5326318025,8.88427658214
2002-06-28,3.12344560339,-6.01111438993,49.5197330301,10.262591186
2002-06-29,2.10746866785,-5.86639955207,49.9493154181,10.5395031802
2002-06-30,0.936699138212,-5.02256971063,50.3199784211,10.6154441714
2002-07-01,0.500147976178,-3.68301052856,50.6376392238,9.8446974871
2002-07-02,-0.763299100875,-2.65579803533,50.4282764196,9.74036266684
2002-07-03,0.710056877066,-4.16361479023,49.4027664305,11.2289485769
2002-07-04,1.17076795716,-3.82948057275,48.7371050693,10.971506378
2002-07-05,1.55752247343,-4.54579651692,47.9675879732,9.96888859009
2002-07-06,3.39111747057,-4.70495286717,48.063888024,10.1123522363
2002-07-07,3.80195218493,-4.61258734392,47.0926749866,9.06446997155
2002-07-08,4.30031009362,-4.06215003922,46.9998414169,9.27027787194
2002-07-09,2.80111414018,-3.77449902544,47.4853515613,8.95463590774
2002-07-10,2.7054226229,-3.57705224532,47.2233491698,10.590232175
2002-07-11,2.05316920958,-1.25473296106,46.3920200091,10.2979279114
2002-07-12,2.10883403118,-1.40090917583,46.4025886518,11.5895498801
2002-07-13,2.83855807036,-1.06104068866,45.2448719433,10.475569325
2002-07-14,2.63585313052,1.00684254215,46.3375877139,9.50956049158
2002-07-15,2.91532970965,2.09988802004,47.0452607254,10.6054036397
2002-07-16,3.2923584122,1.67450640619,47.6035053961,8.77324775628
2002-07-17,5.13289640818,1.53666339588,49.0896243233,8.01753275319
2002-07-18,4.19493010163,0.204643055045,48.5715075699,9.23834681056
2002-07-19,4.02441503312,-0.209126297971,47.7948616638,8.11969670601
2002-07-20,4.0577147606,-0.892921865033,47.8621707024,7.88919103499
2002-07-21,5.03452033777,0.618009276169,47.3617561122,10.2501341844
2002-07-22,3.9982433851,-0.869886348126,47.8757173193,10.3901477305
2002-07-23,1.98867107782,-0.858755900359,48.0629228042,10.8689168124
2002-07-24,1.45135155675,-0.025459213502,49.3472814546,13.3166605436
2002-07-25,0.96204904579,0.580027784375,50.6692410645,13.0748938203
2002-07-26,-0.0533972601289,1.37537362647,51.1519332827,11.7608207635
2002-07-27,1.30240990725,1.20585652626,50.6287418801,12.0907004875
2002-07-28,1.28904107004,2.29585615314,51.7484096045,11.1143216077
2002-07-29,2.11706172816,2.83273874571,53.0411182996,10.8959569323
2002-07-30,2.40160268951,2.40508316988,52.6036410643,9.5517340084
2002-07-31,1.639673003,1.62538716011,53.6749767979,9.66573540407
2002-08-01,1.08500946784,0.709661992005,54.6739320254,8.34508388252
2002-08-02,3.30299414485,0.678537508299,53.3037692862,7.42966675549
2002-08-03,3.72895518876,1.35409732371,53.9495648699,6.13640039971
2002-08-04,5.1324387317,-0.584884822926,56.3419794578,5.5674993275
2002-08-05,5.46973928192,0.544052735727,54.8749088172,6.66822867397
2002-08-06,3.44036030039,0.19116326737,54.8321538777,7.05757546343
2002-08-07,4.27868738842,-0.668086846631,55.9936727867,7.11596617153
2002-08-08,4.24925204789,0.0801488146615,56.2526625056,6.0884030291
2002-08-09,4.85832777427,-0.888671864925,55.2088589102,5.76120413405
2002-08-10,2.82103711248,0.656089450077,55.6366352591,6.8662880784
2002-08-11,3.48929906955,1.05716544479,58.5233584849,6.53235833296
2002-08-12,4.51554199116,1.93924913725,58.1578901103,6.13130782079
2002-08-13,5.03142486724,2.44922775525,58.9854035972,7.96501941954
2002-08-14,5.58869665728,2.21510545737,56.8780718753,7.04089846253
2002-08-15,6.02803889573,1.6362674906,57.9620712284,7.51121352148
2002-08-16,8.18850452589,1.19206594783,57.4076684104,8.38818120977
2002-08-17,7.98577944709,0.728088632598,55.4245405348,8.27885135746
2002-08-18,8.934141261,1.38672580041,56.0195321398,6.89441700624
2002-08-19,10.0434426924,0.323246402062,56.294562446,5.8503528306
2002-08-20,10.4543608503,0.651452106002,55.2394739252,5.01132792778
2002-08-21,9.39324457059,2.55491670611,57.0825657162,3.78599736391
2002-08-22,8.28460505246,3.41230469561,56.7943227533,3.8538733648
2002-08-23,9.43253134839,3.39711746192,56.975553835,2.96385814918
2002-08-24,9.43170034868,2.28785905977,57.6309206865,2.89469674334
2002-08-25,9.95009007901,3.15343789756,57.9069457238,2.63857214661
2002-08-26,10.0155131496,1.54797891239,56.6615201178,4.24768999658
2002-08-27,12.3604523482,2.25419314744,56.1565894949,5.73794904275
2002-08-28,10.1467073071,2.02559675262,56.5685972185,5.32667823786
2002-08-29,9.4342225197,1.93791067544,56.1736117908,4.99790124238
2002-08-30,10.1888766997,1.63601962358,55.8224857482,3.67176179322
2002-08-31,8.74636277324,0.946827725393,55.2189657882,3.76232005448
2002-09-01,8.52858932075,0.154242888387,55.5621661258,4.5566567829
2002-09-02,9.14352520888,0.708119491747,55.9143238601,4.02199936337
2002-09-03,8.34962450902,-0.20617239659,53.8530972875,5.21224352568
2002-09-04,9.35438900683,1.80442650381,53.3521941248,5.58665956145
2002-09-05,8.93154838511,3.51709623497,53.6315560885,4.56208546932
2002-09-06,9.78143012181,2.89320978777,54.2356693444,4.32058212626
2002-09-07,10.3185014577,2.47666332519,54.4444082259,4.47190671402
2002-09-08,10.2550139362,4.58952691966,53.7678552574,5.67279527322
2002-09-09,8.9473752016,3.92535920986,53.6595920522,4.82788944545
2002-09-10,9.50437850313,2.91268198516,55.0901563075,5.46828916035
2002-09-11,10.2357572944,1.2783409249,53.9750764802,5.35636706423
2002-09-12,9.62802847386,1.8544026703,55.1596502889,4.70962558003
2002-09-13,8.34953294005,1.59274688208,54.9870684469,4.55329393547
2002-09-14,7.41006722181,1.63287516906,54.3583027768,5.3753283114
2002-09-15,7.24100534944,0.693041172453,53.17644054,6.70440282761
2002-09-16,8.30819137306,0.28517323377,53.6824466441,7.5867968149
2002-09-17,8.6010787642,0.786295475154,54.0194717872,4.63693661766
2002-09-18,8.20360092686,0.494288905967,55.2935842656,4.05238154582
2002-09-19,9.22360547497,-0.307180917507,55.7001908813,2.77859489335
2002-09-20,9.81043294457,-0.580470656048,56.8852153496,1.26835497953
2002-09-21,8.05886247591,-1.14187521872,57.6506732386,0.639251366516
2002-09-22,8.36425441369,-1.1255196083,57.4982699359,0.891063846064
2002-09-23,8.57604262807,-0.157197096382,56.6297318811,1.09980871298
2002-09-24,9.38417203917,-0.221932194135,55.9258270354,1.08352566684
2002-09-25,9.55387059654,-0.48578697578,56.9385132852,-0.488076066441
2002-09-26,7.90414984925,-0.135200694964,56.1755023824,0.296475013558
